{"cameraMode":{"drawMode":0,"name":"Shaded","section":"Shading Mode"},"sceneLighting":false,"audioPlay":false,"sceneViewState":{"showFog":true,"showMaterialUpdate":false,"showSkybox":true,"showFlares":true,"showImageEffects":true,"showParticleSystems":true},"in2DMode":false,"pivot":{"x":0.0,"y":2.500000476837158,"z":0.9999998807907105},"rotation":{"x":-0.48112261295318606,"y":-0.049395568668842319,"z":0.02716522105038166,"w":-0.8748389482498169},"size":9.478529930114746,"orthographic":false}