{"cameraMode":{"drawMode":0,"name":"Shaded","section":"Shading Mode"},"sceneLighting":true,"audioPlay":false,"sceneViewState":{"showFog":true,"showMaterialUpdate":false,"showSkybox":true,"showFlares":true,"showImageEffects":true,"showParticleSystems":true},"in2DMode":false,"pivot":{"x":-6.288393497467041,"y":-3.5592269897460939,"z":-4.406091690063477},"rotation":{"x":-0.5511881709098816,"y":0.00675588846206665,"z":-0.004463118501007557,"w":-0.8343417048454285},"size":13.22951889038086,"orthographic":false}