{"cameraMode":{"drawMode":0,"name":"Shaded","section":"Shading Mode"},"sceneLighting":false,"audioPlay":false,"sceneViewState":{"showFog":true,"showMaterialUpdate":false,"showSkybox":true,"showFlares":true,"showImageEffects":true,"showParticleSystems":true},"in2DMode":false,"pivot":{"x":-5.180000305175781,"y":1.500000238418579,"z":0.9799997806549072},"rotation":{"x":-0.48112261295318606,"y":-0.049395568668842319,"z":0.02716522105038166,"w":-0.8748389482498169},"size":8.563467025756836,"orthographic":false}